,perm,level_name,entropy
3,Real,Family,2.82196084907
4,Real,Order,3.64770379813
7,Real,Order,2.41779621823
8,Real,Order,2.22666288039
9,Real,Genus,2.10435954852
13,Real,Order,2.7147089258
16,Real,Genus,2.79406294462
17,Real,Order,3.2603745715
18,Real,Family,3.42760032994
19,Real,Order,2.81258890649
21,Real,Order,2.05465837375
27,Real,Class,3.4830149847
29,Real,Genus,1.6872964195
30,Real,Family,2.53495617031
31,Real,Class,3.12103547449
33,Real,Genus,2.58907010643
34,Real,Order,2.69116212707
36,Real,Order,2.18637758174
37,Real,Family,2.34198502546
39,Real,Phylum,3.08510014901
43,Real,Genus,2.79603353915
44,Real,Genus,2.62342257971
50,Real,Species,3.31692005398
53,Real,Class,2.36540243114
55,Real,Class,2.59816692895
61,Real,Order,2.20159923518
63,Real,Family,2.5502148804
65,Real,Genus,2.90137065688
67,Real,Phylum,2.19342012014
68,Real,Order,3.36197882937
70,Real,Genus,2.63523249873
74,Real,Class,2.21441654812
75,Real,Class,2.80747773042
76,Real,Order,3.09109000906
78,Real,Family,2.61148072498
80,Real,Order,2.03723668915
81,Real,Order,3.73691705853
82,Real,Order,2.63401473492
83,Real,Genus,3.11046280365
85,Real,Class,1.98575062585
86,Real,Family,3.16703524961
88,Real,Family,3.11046280365
92,Real,Order,1.95173650282
93,Real,Genus,2.76063218386
94,Real,Genus,1.89764643258
96,Real,Family,3.18345402844
97,Real,Class,3.10456734818
99,Real,Genus,2.77970375792
102,Real,Family,3.20590480684
103,Real,Family,2.85938877037
104,Real,Order,2.00239044593
105,Real,Genus,2.41254160734
106,Real,Phylum,2.70109159937
107,Real,Class,2.94071433143
109,Real,Family,2.3939949062
114,Real,Family,2.37186910095
119,Real,Order,2.2603258073
120,Real,Family,2.3144030243
121,Real,Phylum,1.92487703463
122,Real,Class,2.51692139256
123,Real,Family,1.40209160964
124,Real,Order,2.6416211781
126,Real,Order,2.49557506465
129,Real,Class,1.44072209093
132,Real,Order,3.32989633646
134,Real,Family,3.06144739221
135,Real,Phylum,3.87775477456
139,Real,Genus,2.00088584508
141,Real,Genus,1.07687692727
144,Real,Order,2.16446016791
145,Real,Order,0.830930605766
146,Real,Family,3.23814508659
148,Real,Family,1.29458226854
153,Real,Family,3.41808404358
156,Real,Order,2.42234997225
157,Real,Class,1.95137955541
158,Real,Genus,2.54683662038
160,Real,Class,2.15771713448
161,Real,Species,2.7792062286
162,Real,Genus,2.85619167366
166,Real,Genus,2.68467736858
167,Real,Genus,2.35008316546
170,Real,Order,3.48899899492
174,Real,Family,2.99715644596
176,Real,Genus,1.89048719888
177,Real,Phylum,3.60977997469
180,Real,Class,3.73569613248
190,Real,Order,3.10613865811
192,Real,Phylum,2.20264973322
194,Real,Genus,3.57758732986
195,Real,Class,3.65222702664
199,Real,Family,3.15071476244
205,Real,Genus,2.63245863904
206,Real,Family,2.70157240487
220,Real,Family,2.14044521766
222,Real,Genus,3.25709144625
223,Real,Family,2.7067194878
226,Real,Order,3.27302423117
231,Real,Class,3.8155685528
232,Real,Genus,3.10612893696
238,Real,Phylum,0.548954434425
242,Real,Genus,2.94902895361
244,Real,Family,3.40092573733
245,Real,Class,2.02527985355
247,Real,Family,2.7147089258
248,Real,Class,2.3142697588
251,Real,Order,3.04368344866
253,Real,Order,3.11704549151
255,Real,Genus,2.43448576331
257,Real,Genus,3.1024830912
258,Real,Family,3.06830271763
259,Real,Order,2.99821985081
260,Real,Order,2.76879486504
263,Real,Class,2.71838082932
264,Real,Species,3.30354794169
265,Real,Family,3.75067543495
266,Real,Genus,2.71850181194
271,Real,Class,2.15479295517
273,Real,Class,2.53496069782
274,Real,Order,2.49402430764
275,Real,Order,2.10643234238
276,Real,Genus,3.51453709805
280,Real,Genus,2.75608274501
287,Real,Family,3.00352322667
291,Real,Class,1.89253733704
292,Real,Family,3.30707964585
298,Real,Family,3.55949570656
301,Real,Class,2.77030820562
302,Real,Order,1.58210075363
307,Real,Order,2.47176356816
309,Real,Phylum,2.68254293481
311,Real,Class,2.20264973322
314,Real,Family,1.68755971116
315,Real,Genus,3.14777759198
325,Real,Family,2.90153430177
328,Real,Family,2.53496069782
329,Real,Order,2.4980720546
333,Real,Order,1.43434981525
336,Real,Order,2.4598720864
338,Real,Genus,3.080315761
346,Real,Order,2.97387723402
353,Real,Family,3.57111526476
354,Real,Family,2.73150989542
355,Real,Order,3.31557423086
359,Real,Family,3.11244392706
361,Real,Genus,2.46853350873
363,Real,Genus,2.95420363751
365,Real,Family,3.15997975538
366,Real,Order,2.09350322019
369,Real,Family,2.1666783834
371,Real,Family,3.38812677253
372,Real,Order,2.11798204505
373,Real,Genus,1.46403842375
374,Real,Family,2.26379543279
376,Real,Class,2.67925609184
380,Real,Genus,2.74378665586
388,Real,Order,3.48096661066
392,Real,Genus,3.00163542931
393,Real,Order,2.69767520408
396,Real,Genus,3.36813588423
400,Real,Family,3.49863699022
401,Real,Genus,1.72811391515
402,Real,Genus,2.98488695227
405,Real,Genus,0.994009455998
406,Real,Family,3.32847801705
410,Real,Phylum,3.16512970636
411,Real,Order,3.71025792684
414,Real,Phylum,2.21284655298
417,Real,Order,1.95403909302
419,Real,Genus,1.67090018873
421,Real,Family,2.57235225668
422,Real,Order,3.01692482543
425,Real,Class,3.7360722509
427,Real,Order,1.96018665197
428,Real,Genus,1.95882929867
430,Real,Family,2.2075798022
432,Real,Family,3.28658070698
435,Real,Order,1.70441427423
438,Real,Family,2.25321581177
440,Real,Class,1.41120509258
445,Real,Class,1.49315627456
446,Real,Class,2.17655600078
447,Real,Class,2.75425900281
449,Real,Class,3.2597138328
451,Real,Class,1.71376055036
453,Real,Genus,1.95015538056
455,Real,Order,1.72049617895
458,Real,Class,2.92876500936
462,Real,Family,2.27887938893
467,Real,Order,2.06001996017
468,Real,Genus,2.59924782223
472,Real,Family,2.76182330093
473,Real,Class,1.6844776612
474,Real,Class,3.64770379813
475,Real,Family,1.78001840609
476,Real,Genus,1.8833069195
478,Real,Class,2.58825917174
480,Real,Family,2.76960388644
483,Real,Phylum,1.78092158283
484,Real,Genus,2.04671507613
486,Real,Genus,3.640530884
487,Real,Genus,3.29222174872
491,Real,Order,2.34198502546
492,Real,Family,2.78109740967
497,Real,Genus,2.71317125314
498,Real,Order,2.39869603735
500,Real,Family,3.21870575148
502,Real,Order,3.08449874554
512,Real,Family,3.39424310876
514,Real,Family,3.32944241564
516,Real,Genus,2.91798703041
519,Real,Family,2.9684486102
520,Real,Phylum,2.0432504475
521,Real,Family,2.1005912828
524,Real,Order,1.80753577634
527,Real,Class,2.99115037503
530,Real,Order,2.50871029415
531,Real,Family,0.462395033412
532,Real,Family,2.47927068089
539,Real,Genus,3.14681138929
540,Real,Family,3.10452992472
545,Real,Family,2.92425907445
546,Real,Class,2.31272452979
550,Real,Phylum,3.61143572262
552,Real,Order,3.27242653238
554,Real,Phylum,2.58617535528
556,Real,Genus,1.17628347258
557,Real,Species,2.59556603207
558,Real,Species,1.34538691182
567,Real,Family,2.54889943209
568,Real,Family,3.53868767594
569,Real,Order,1.71736046632
570,Real,Order,3.70702092759
572,Real,Genus,2.03035758871
574,Real,Family,3.14392033153
578,Real,Family,3.38632961063
579,Real,Phylum,2.50164154497
582,Real,Phylum,2.43246365877
587,Real,Class,2.67502174781
588,Real,Family,3.50702902329
593,Real,Order,2.84360669153
596,Real,Genus,2.05867956699
598,Real,Class,2.19968552391
601,Real,Phylum,3.3292329711
607,Real,Genus,1.79555140175
610,Real,Genus,2.44557047927
616,Real,Family,2.69659668199
618,Real,Order,1.47351695463
619,Real,Class,1.50697661962
620,Real,Class,2.69227670755
621,Real,Genus,2.88817224392
626,Real,Class,3.24959459762
630,Real,Order,2.1514613593
631,Real,Class,2.68094457495
633,Real,Family,1.15264299862
635,Real,Order,1.41878578182
638,Real,Genus,2.57709263887
640,Real,Genus,3.40092573733
643,Real,Genus,2.23513621662
644,Real,Order,2.20708454026
646,Real,Genus,2.62643293522
652,Real,Class,3.58284003482
654,Real,Genus,2.89855087033
655,Real,Class,2.58789124297
656,Real,Genus,2.28359692652
658,Real,Family,2.63194652779
662,Real,Family,2.43448576331
663,Real,Phylum,1.67448158278
664,Real,Order,3.11046280365
666,Real,Order,2.76747949275
667,Real,Genus,2.86767305613
668,Real,Genus,2.42578913733
674,Real,Order,2.79495853494
675,Real,Family,2.95077748541
676,Real,Family,2.75523900392
677,Real,Family,2.36941519646
679,Real,Order,3.26988812857
680,Real,Family,2.37923287445
683,Real,Genus,3.50751216493
685,Real,Class,2.50164154497
686,Real,Order,2.50850485383
687,Real,Family,2.99260210243
691,Real,Class,2.41541896731
693,Real,Species,1.68099488655
695,Real,Genus,2.73497330347
696,Real,Family,2.90468102423
701,Real,Family,2.51553368798
703,Real,Order,3.15385531197
705,Real,Genus,2.7147089258
706,Real,Species,1.60267478132
707,Real,Family,1.82760897454
710,Real,Family,2.82986586201
712,Real,Order,2.83561221738
720,Real,Class,1.75294837157
728,Real,Class,2.9912883263
730,Real,Order,1.84847520826
731,Real,Genus,2.7064887319
738,Real,Family,3.24465073228
739,Real,Genus,1.67427619536
745,Real,Genus,2.95841387105
749,Real,Class,2.72489553183
752,Real,Family,3.32062349787
761,Real,Order,2.48584558599
766,Real,Order,2.5956008778
769,Real,Family,3.52385427184
771,Real,Family,3.10933669154
774,Real,Family,1.90834750687
778,Real,Order,3.11120695831
779,Real,Order,2.53496069782
782,Real,Phylum,2.91086260294
786,Real,Family,2.99821985081
799,Real,Class,3.11211494891
803,Real,Class,2.80028173287
808,Real,Genus,2.37116334261
810,Real,Order,2.06993463679
814,Real,Class,2.42028246049
817,Real,Phylum,3.11114617723
819,Real,Family,2.75854632367
820,Real,Genus,3.13672349322
824,Real,Order,1.97091137727
825,Real,Species,2.17349137199
827,Real,Order,1.94909045214
829,Real,Order,3.33781120488
830,Real,Genus,3.09857929201
835,Real,Family,2.5427724104
837,Real,Order,1.93378438894
841,Real,Family,3.67831085037
842,Real,Order,3.09129626009
845,Real,Family,2.26397372452
851,Real,Order,3.32286920215
853,Real,Genus,2.87298654562
857,Real,Genus,2.32643747787
859,Real,Family,2.44724236251
861,Real,Order,1.15707560381
863,Real,Genus,2.66541029775
864,Real,Family,2.25832016695
866,Real,Genus,2.68727695702
874,Real,Phylum,2.0123271017
875,Real,Class,1.6200253692
881,Real,Family,2.94872337076
882,Real,Order,2.67767510467
883,Real,Order,1.95137955541
886,Real,Genus,2.85000998187
887,Real,Genus,3.16569150955
888,Real,Order,2.83394975999
889,Real,Class,1.86476388454
894,Real,Phylum,3.67307518194
896,Real,Phylum,2.8604774346
898,Real,Genus,2.78166864784
899,Real,Order,3.60581377325
900,Real,Family,2.32459750192
902,Real,Phylum,2.88674272659
903,Real,Order,3.04349571985
904,Real,Class,3.43250165319
907,Real,Class,2.4573074869
908,Real,Genus,2.70576026662
909,Real,Family,3.01692482543
916,Real,Genus,2.99260210243
918,Real,Genus,2.76785383914
919,Real,Class,2.36595595632
920,Real,Order,2.71838082932
922,Real,Class,2.8881517707
925,Real,Genus,3.3965392662
927,Real,Phylum,1.7912065172
928,Real,Species,2.03001002271
933,Real,Genus,2.4012583711
934,Real,Order,2.09277872202
935,Real,Species,3.16942131897
940,Real,Order,1.42298937364
943,Real,Family,2.93269758449
944,Real,Species,2.3289703803
945,Real,Family,3.20700611874
946,Real,Family,3.06273132226
947,Real,Genus,2.90722305352
948,Real,Family,3.67540916252
954,Real,Genus,1.0989123677
959,Real,Family,3.08247098778
961,Real,Genus,3.09750892539
963,Real,Order,2.87629089679
972,Real,Order,2.62063502285
978,Real,Family,2.40115998428
981,Real,Genus,1.97961583352
986,Real,Species,2.49074072402
989,Real,Family,2.66190888456
990,Real,Genus,3.42007880874
994,Real,Family,3.38430031851
995,Real,Order,2.88990069106
996,Real,Family,2.87462181652
997,Real,Genus,2.33719026434
999,Real,Phylum,3.44549079767
1004,Real,Family,2.46219007673
1006,Real,Order,2.29792232239
1008,Real,Order,3.50496175423
1009,Real,Class,1.76678144518
1011,Real,Order,2.62924674376
1012,Real,Genus,3.23511809631
1015,Real,Family,3.15048664552
1017,Real,Family,2.85373140216
1018,Real,Class,2.97797616203
1019,Real,Family,2.87254125332
1022,Real,Order,3.50334601826
1031,Real,Family,2.8660599416
1032,Real,Order,3.39676078008
1033,Real,Order,3.10450027572
1035,Real,Genus,1.92729308766
1036,Real,Family,2.83189720084
1039,Real,Order,2.73870090687
1040,Real,Order,2.52593027085
1041,Real,Class,3.26988812857
1043,Real,Phylum,1.79180750878
1045,Real,Class,2.79405124821
1046,Real,Family,2.54768829265
1049,Real,Order,3.31925138389
1050,Real,Order,3.17572077599
1057,Real,Family,3.46643599931
1059,Real,Phylum,2.37580985989
1062,Real,Family,3.14357888532
1063,Real,Class,2.48104259463
1064,Real,Order,2.34819627651
1065,Real,Genus,2.08335346537
1066,Real,Family,2.95005476734
1067,Real,Family,1.52239499592
1069,Real,Family,1.8744506972
1076,Real,Order,1.0989123677
1077,Real,Order,2.38281151013
1080,Real,Genus,3.17692084335
1082,Real,Order,3.18345402844
1088,Real,Family,2.65023670764
1089,Real,Genus,2.18304789152
1090,Real,Family,3.21946848948
1091,Real,Genus,3.03638303141
1092,Real,Family,2.62150915224
1093,Real,Order,2.9216972259
1094,Real,Family,3.27242653238
1096,Real,Family,2.83394975999
1098,Real,Order,2.30288080327
1100,Real,Class,1.79681702777
1101,Real,Order,3.65302934351
1102,Real,Family,2.64858303522
1106,Real,Family,3.23907551567
1109,Real,Order,2.38274102506
1114,Real,Genus,2.43966242859
1116,Real,Class,3.42141265435
1117,Real,Class,2.73992219868
1123,Real,Family,2.65231089364
1124,Real,Order,3.39203746062
1126,Real,Order,3.13886322517
1134,Real,Order,3.30707964585
1135,Real,Genus,2.58323971919
1138,Real,Order,1.2404449148
1140,Real,Family,2.63627968982
1142,Real,Family,2.63939514646
1143,Real,Genus,1.47578043545
1144,Real,Species,2.59784243348
1146,Real,Genus,3.56177077414
1150,Real,Family,2.59117633614
1156,Real,Phylum,2.36366882576
1159,Real,Phylum,3.51092676459
1161,Real,Family,2.85325860208
1167,Real,Order,1.6291686723
1171,Real,Family,3.31557423086
1180,Real,Genus,2.67706482975
1185,Real,Phylum,2.26087142477
1189,Real,Family,3.29847514057
1190,Real,Family,3.26484570619
1191,Real,Class,1.72780860403
1197,Real,Genus,3.14392033153
1200,Real,Family,1.81269648044
1201,Real,Order,1.97888315892
1205,Real,Genus,3.07283971245
1209,Real,Genus,3.2295437544
1211,Real,Order,1.39030885668
1213,Real,Genus,2.33583470744
1216,Real,Family,2.67075591763
1219,Real,Genus,2.80904574257
1225,Real,Class,3.40532326391
1228,Real,Order,3.11949358978
1230,Real,Family,2.62063502285
1231,Real,Order,2.53451251087
1233,Real,Family,2.46935073111
1234,Real,Genus,2.05942146528
1235,Real,Genus,2.63664377987
1238,Real,Genus,2.50323899165
1239,Real,Genus,2.1709488493
1250,Real,Family,2.34725789761
1251,Real,Phylum,3.15833229699
1253,Real,Order,2.88531556429
1256,Real,Phylum,2.98797050356
1257,Real,Order,3.58284003482
1258,Real,Family,2.17468219473
1259,Real,Order,3.01296128137
1263,Real,Genus,1.5383341028
1265,Real,Order,2.03544710127
1266,Real,Order,2.90153430177
1274,Real,Family,3.23858480928
1277,Real,Species,2.63899992377
1278,Real,Class,3.15385531197
1280,Real,Order,2.60055065923
1281,Real,Family,3.65544868488
1282,Real,Class,2.26076424912
1283,Real,Genus,2.7889379437
1286,Real,Family,2.16705218428
1290,Real,Genus,2.44669946316
1292,Real,Family,2.62684672336
1295,Real,Family,1.42303868854
1297,Real,Genus,2.65314107133
1299,Real,Genus,1.96647516981
1304,Real,Genus,2.87800639151
1306,Real,Genus,3.14911120472
1307,Real,Species,1.96647516981
1318,Real,Genus,2.64117813132
1319,Real,Genus,3.12093150071
1321,Real,Genus,2.38576534641
1322,Real,Order,2.60010718289
1328,Real,Family,0.272063706979
1329,Real,Family,2.95420363751
1331,Real,Genus,2.52483273341
1333,Real,Order,2.33807977748
1336,Real,Class,2.7950451337
1343,Real,Genus,2.41606592442
1347,Real,Genus,1.33351249416
1351,Real,Order,2.94721823145
1355,Real,Class,3.12257321719
1357,Real,Genus,2.17383002783
1364,Real,Family,2.62408139275
1369,Real,Order,2.95935814761
1371,Real,Order,2.3603977402
1372,Real,Family,3.0812889198
1382,Real,Order,1.84398630104
1385,Real,Genus,2.07736145406
1391,Real,Class,3.32435302783
1392,Real,Family,3.68078654156
1394,Real,Family,1.87744419214
1395,Real,Order,2.50164154497
1402,Real,Order,1.70473333799
1403,Real,Order,2.8784369735
1405,Real,Genus,2.44857796333
1412,Real,Class,1.85018858808
1413,Real,Family,3.24307741289
1416,Real,Family,1.56185044901
1420,Real,Genus,2.54370217024
1421,Real,Family,2.99992213079
1426,Real,Order,3.77190924938
1428,Real,Class,2.94270455158
1435,Real,Phylum,1.96051457945
1440,Real,Class,2.57689293924
1442,Real,Order,2.09745567037
1443,Real,Family,3.0920305131
1444,Real,Class,2.98418011765
1448,Real,Family,2.91408988078
1451,Real,Order,3.75067543495
1453,Real,Family,3.21488312863
1468,Real,Phylum,1.30659523889
1469,Real,Order,1.56593776318
1473,Real,Family,3.26823686133
1475,Real,Order,2.03683704653
1476,Real,Family,3.43059857533
1478,Real,Genus,3.4568993543
1479,Real,Class,2.7418346839
1480,Real,Genus,3.60801348276
1483,Real,Order,1.98864946549
1484,Real,Genus,2.55196163907
1485,Real,Genus,3.18081435421
1486,Real,Class,2.73433032511
1489,Real,Class,2.42212418871
1492,Real,Family,3.53061875974
1493,Real,Family,2.77329845958
1494,Real,Order,1.78169806839
1498,Real,Genus,2.76089769876
1500,Real,Class,2.87718351838
1501,Real,Order,1.38723564626
1503,Real,Order,3.1387928814
1505,Real,Class,2.34003023014
1507,Real,Class,1.0989123677
1508,Real,Family,3.49958246881
1509,Real,Order,2.95977929326
1511,Real,Order,3.17428644385
1513,Real,Order,3.23585600021
1514,Real,Class,2.86262670171
1515,Real,Order,2.16799002028
1518,Real,Phylum,1.44544498614
1520,Real,Genus,2.75589392261
1522,Real,Genus,2.61546299845
1523,Real,Family,3.26572913133
1524,Real,Genus,2.78022889815
1525,Real,Genus,2.43144817014
1526,Real,Order,2.39533838418
1530,Real,Class,2.35263625598
1531,Real,Genus,0.997413334556
1532,Real,Genus,3.07243026156
1534,Real,Order,2.96560843861
1537,Real,Family,2.88854744338
1547,Real,Genus,2.25803337066
1550,Real,Genus,2.47702232965
1551,Real,Family,3.48168946842
1555,Real,Genus,2.40696272064
1557,Real,Species,2.79619892056
1559,Real,Family,2.88732062449
1562,Real,Order,3.38562515695
1563,Real,Class,2.07665257416
1566,Real,Order,2.34298406047
1573,Real,Family,3.41195584984
1574,Real,Class,2.53451251087
1575,Real,Order,2.41304041765
1576,Real,Family,2.73695463053
1577,Real,Family,1.17628347258
1579,Real,Class,3.34079388108
1580,Real,Family,3.03535367748
1582,Real,Genus,3.47283423514
1584,Real,Genus,1.82697454744
1587,Real,Genus,1.80209758073
1589,Real,Family,3.24478059297
1590,Real,Genus,0.401760535886
1592,Real,Family,1.73314781617
1595,Real,Genus,3.11714067624
1601,Real,Genus,2.54341037558
1602,Real,Family,1.971591778
1603,Real,Family,2.11855705339
1606,Real,Family,3.60581377325
1609,Real,Class,2.91086260294
1612,Real,Order,1.78147597042
1614,Real,Family,2.53154747558
1615,Real,Family,1.31803040686
1623,Real,Family,3.44606470884
1624,Real,Family,2.59871760307
1626,Real,Order,3.23858480928
1628,Real,Genus,2.71410933128
1631,Real,Phylum,2.4071969751
1632,Real,Class,2.29230833864
1634,Real,Family,2.0404226738
1651,Real,Class,3.31369440544
1653,Real,Order,2.37842183901
1655,Real,Order,2.26397372452
1657,Real,Genus,3.16156875866
1658,Real,Order,3.09377500085
1659,Real,Family,2.97363970991
1660,Real,Genus,3.7799733545
1661,Real,Genus,1.96348912445
1664,Real,Order,3.18127268866
1665,Real,Class,1.01378991548
1667,Real,Genus,3.21954204204
1669,Real,Family,1.28328013438
1670,Real,Order,2.18800040742
1671,Real,Order,2.68136566328
1679,Real,Order,2.50116278157
1680,Real,Genus,2.52576031862
1688,Real,Genus,3.44606470884
1689,Real,Phylum,2.45391164382
1690,Real,Genus,3.00021623982
1691,Real,Phylum,2.02652488168
1692,Real,Family,2.93728217928
1705,Real,Class,1.25420025317
1707,Real,Order,2.58789124297
1709,Real,Class,2.27309115839
1711,Real,Family,0.302515221941
1712,Real,Genus,2.48640324446
1716,Real,Family,2.5341652077
1718,Real,Order,2.0857676808
1719,Real,Family,3.29303113895
1721,Real,Genus,2.75914703712
1722,Real,Genus,2.39843476824
1725,Real,Family,1.98864946549
1732,Real,Family,3.07764194589
1734,Real,Family,2.8335198322
1735,Real,Phylum,1.7185116228
1737,Real,Order,3.05970508483
1740,Real,Order,1.39783566
1753,Real,Order,3.16504124974
1755,Real,Genus,3.23999438975
1756,Real,Class,2.89337224418
1759,Real,Genus,2.58343468144
1761,Real,Genus,2.73302392953
1764,Real,Class,3.36197882937
1766,Real,Class,2.07977351073
1767,Real,Family,2.87897514208
1769,Real,Phylum,2.99894974229
1770,Real,Family,3.25982411393
1772,Real,Genus,2.47927068089
1774,Real,Class,2.75905930949
1775,Real,Family,1.91707366
1779,Real,Family,2.35922585961
1780,Real,Genus,3.17142628427
1793,Real,Class,1.51327869962
1795,Real,Genus,2.40274189066
1796,Real,Family,2.76324980563
1797,Real,Order,2.42382452317
1801,Real,Family,1.34165113823
1802,Real,Order,2.62746697808
1803,Real,Genus,2.3270099248
1806,Real,Order,1.5699824552
1809,Real,Class,3.1842339265
1812,Real,Family,2.93326772966
1814,Real,Order,2.47337766021
1815,Real,Genus,3.21698226596
1818,Real,Order,2.25832016695
1819,Real,Genus,3.18997320246
1830,Real,Phylum,3.06923390365
1832,Real,Class,2.46440782454
1835,Real,Genus,2.25366377972
1847,Real,Order,2.55215699733
1851,Real,Family,2.25117747139
1852,Real,Genus,1.72823693048
1853,Real,Phylum,2.49781670903
1857,Real,Genus,3.62233397985
1860,Real,Order,3.10473903084
1861,Real,Family,2.11373085658
1863,Real,Species,2.68565675421
1864,Real,Phylum,1.46821983656
1865,Real,Class,2.6507038809
1866,Real,Order,2.95898456924
1872,Real,Class,2.60010718289
1874,Real,Family,3.26828536958
1875,Real,Family,2.39869603735
1876,Real,Genus,3.07647106502
1878,Real,Class,2.17257634304
1883,Real,Family,3.44150287486
1884,Real,Family,2.78528705087
1886,Real,Family,3.25302880752
1888,Real,Class,2.87248528539
1892,Real,Order,3.17186263633
1898,Real,Family,2.80799050938
1900,Real,Family,2.72241323205
1909,Real,Class,3.60581377325
1910,Real,Family,3.19758314221
1911,Real,Genus,2.49415540359
1915,Real,Family,3.25662315833
1917,Real,Class,2.20000130064
1922,Real,Order,2.12020015963
1925,Real,Family,3.35950205054
1926,Real,Family,3.62608050512
1927,Real,Order,3.54161065314
1929,Real,Class,2.77387827867
1934,Real,Species,1.69825587664
1936,Real,Genus,3.54898544216
1940,Real,Family,2.9662885971
1942,Real,Family,3.27454184625
1943,Real,Family,2.0091377091
1948,Real,Family,1.70702401115
1949,Real,Class,1.97766353242
1953,Real,Order,1.72780860403
1954,Real,Genus,2.52750123917
1960,Real,Genus,3.10779426444
1962,Real,Family,0.247490932753
1963,Real,Genus,2.5501847348
1964,Real,Genus,1.79312426466
1973,Real,Genus,2.80944683433
1974,Real,Family,2.78069518947
1975,Real,Genus,2.89333350506
1976,Real,Family,3.2755027798
1977,Real,Family,2.67247538588
1981,Real,Order,1.04009512811
1983,Real,Genus,0.432288212993
1987,Real,Family,1.97597815821
1992,Real,Class,1.63358701083
1993,Real,Class,2.34423430671
1994,Real,Order,1.71376055036
1999,Real,Class,3.28476064425
2001,Real,Family,3.73465275604
2002,Real,Class,3.17405773732
2003,Real,Class,3.55562029328
2007,Real,Genus,2.75016027034
2009,Real,Family,1.38314842515
2011,Real,Family,3.10569102425
2012,Real,Order,3.54290940093
2013,Real,Order,1.7912065172
2017,Real,Order,2.23715733037
2019,Real,Class,3.5316754943
2020,Real,Genus,2.29172156134
2024,Real,Order,2.77986452041
2026,Real,Family,2.75197980291
2027,Real,Order,1.66849667453
2029,Real,Family,2.94471814891
2037,Real,Genus,2.25321581177
2038,Real,Species,3.3965392662
2039,Real,Genus,3.00031837336
2043,Real,Class,2.48989180533
2044,Real,Genus,2.94746639691
2045,Real,Family,1.53245482592
2049,Real,Class,3.03619440006
2051,Real,Order,1.32089046988
2053,Real,Family,3.65212446178
2054,Real,Class,3.1124568275
2056,Real,Species,3.36100201833
2065,Real,Family,2.95977929326
2066,Real,Family,3.48128962837
2072,Real,Order,1.8737560489
2074,Real,Order,0.576804597933
2076,Real,Order,1.40939121531
2081,Real,Family,2.01906799926
2082,Real,Genus,2.66483432644
2083,Real,Phylum,2.84611787032
2084,Real,Class,0.537149846474
2085,Real,Order,1.68075715009
2087,Real,Class,3.6529326464
2088,Real,Class,3.06357165858
2090,Real,Genus,3.12939093855
2092,Real,Family,2.71650118878
2093,Real,Order,2.14906261103
2095,Real,Class,2.15294818054
2099,Real,Class,2.76617122116
2100,Real,Family,0.613962457842
2105,Real,Class,3.16504124974
2108,Real,Phylum,2.6422756862
2110,Real,Genus,2.96595167754
2113,Real,Order,2.46645800848
2116,Real,Family,2.57874235955
2119,Real,Order,2.07158496456
2122,Real,Genus,3.24862339836
2123,Real,Order,2.28802794626
2128,Real,Family,2.37973372526
2135,Real,Order,2.81378195412
2140,Real,Genus,3.23386304303
2141,Real,Genus,2.9555550868
2142,Real,Class,2.28096176419
2150,Real,Order,3.30126994217
2152,Real,Genus,1.9006353891
2153,Real,Class,2.83394975999
2154,Real,Class,2.38050633829
2155,Real,Order,2.58217876431
2162,Real,Family,3.02863387995
2163,Real,Order,2.79668040335
2164,Real,Family,2.7792977859
2169,Real,Class,1.77551874103
2174,Real,Family,2.85046577729
2177,Real,Genus,3.17136282644
2178,Real,Genus,2.6495415929
2184,Real,Genus,2.84621302317
2188,Real,Genus,2.60841888847
2189,Real,Family,3.23806027086
2192,Real,Order,3.27800696926
2193,Real,Class,2.50033180291
2194,Real,Order,3.71155944982
2198,Real,Family,2.41373010493
2201,Real,Order,1.94824974976
2202,Real,Family,2.59531330015
2203,Real,Family,3.25617141307
2209,Real,Family,2.87688616818
2210,Real,Order,2.64584629495
2212,Real,Family,3.38466761815
2214,Real,Family,2.50226417377
2215,Real,Order,2.84081661858
2216,Real,Class,2.37782620261
2219,Real,Family,2.44441226067
2220,Real,Order,2.86650613607
2223,Real,Family,2.31050493136
2232,Real,Order,2.71480956908
2238,Real,Order,3.11032256824
2240,Real,Genus,2.54521276482
2249,Real,Genus,3.14833853324
2251,Real,Phylum,3.33644799918
2252,Real,Class,2.5974808365
2257,Real,Genus,1.31175042952
2258,Real,Order,2.49441636301
2262,Real,Order,2.56461857702
2263,Real,Family,3.60087046924
2270,Real,Genus,2.67605853144
2276,Real,Genus,2.5692574971
2283,Real,Class,2.5195215421
2294,Real,Order,1.77318082819
2297,Real,Order,2.7433305489
2299,Real,Family,3.27481955732
2300,Real,Genus,2.29405478873
2308,Real,Class,3.33781120488
2309,Real,Family,1.0989123677
2313,Real,Genus,2.48785161973
2319,Real,Class,2.80198707844
2321,Real,Genus,0.999657688021
2323,Real,Class,3.24422124957
2328,Real,Genus,2.43793679206
2329,Real,Genus,2.03395072825
2330,Real,Genus,2.46927084785
2331,Real,Family,1.34208103615
2334,Real,Family,2.58390498967
2335,Real,Class,3.06565677646
2337,Real,Family,2.03544710127
2339,Real,Family,2.44456358148
2341,Real,Family,3.54094424951
2342,Real,Family,1.74810594878
2343,Real,Genus,2.75538747042
2349,Real,Genus,0.944306855495
2350,Real,Class,1.69886709325
2351,Real,Genus,1.42303868854
2355,Real,Family,3.05705987074
2356,Real,Family,0.948889858118
2358,Real,Family,2.00225296091
2360,Real,Family,3.47579517493
2362,Real,Order,2.75779098425
2365,Real,Family,2.7682598791
2366,Real,Genus,3.19438584978
2367,Real,Order,2.29989928328
2368,Real,Genus,2.89197540026
2369,Real,Class,2.62063502285
2374,Real,Genus,2.49467372625
2378,Real,Order,2.32355254817
2379,Real,Order,2.35144715306
2383,Real,Phylum,2.80892215856
2384,Real,Genus,2.74965503127
2385,Real,Genus,2.82289797668
2389,Real,Family,1.13755605481
2390,Real,Genus,1.89402798386
2393,Real,Family,3.22040060104
2396,Real,Class,3.23085372375
2401,Real,Family,2.8808679307
2406,Real,Class,1.36137624735
2409,Real,Phylum,3.09242169583
2414,Real,Family,3.58698531624
2417,Real,Order,2.66864181869
2422,Real,Order,1.27953628139
2425,Real,Species,1.84503451022
2429,Real,Order,1.88995893912
2433,Real,Class,3.24404039685
2434,Real,Order,3.42397633039
2435,Real,Order,1.55284412235
2437,Real,Genus,2.96475206233
2438,Real,Genus,2.55011450294
2439,Real,Order,2.91408988078
2441,Real,Family,2.66857335416
2443,Real,Species,2.32218134681
2444,Real,Order,3.08350384491
2446,Real,Family,2.31158059957
2448,Real,Class,2.40850234838
2453,Real,Genus,1.24833781348
2457,Real,Class,0.982589653138
2463,Real,Genus,3.22163883158
2465,Real,Order,2.9912883263
2466,Real,Family,2.89149644825
2473,Real,Class,2.53295921001
2474,Real,Species,2.22082415311
2475,Real,Order,3.02931147369
2485,Real,Order,1.04411783666
2487,Real,Family,2.6378254666
2490,Real,Class,1.7912065172
2491,Real,Class,3.25042339671
2495,Real,Order,3.21109481043
2496,Real,Phylum,2.12023283222
2499,Real,Genus,2.2727395573
2501,Real,Family,2.85733988283
2502,Real,Family,3.73271729159
2504,Real,Class,1.81091046096
2505,Real,Genus,2.66857335416
2515,Real,Class,2.94522494428
2523,Real,Genus,2.41111417142
2525,Real,Phylum,2.68326216805
2529,Real,Family,1.79812721786
2531,Real,Order,2.15075982081
2532,Real,Order,2.90706040632
2533,Real,Genus,2.51907738283
2535,Real,Genus,2.27800061828
2542,Real,Phylum,2.77368093436
2547,Real,Order,1.71603847894
2549,Real,Family,3.21173483903
2553,Real,Genus,3.13856360317
2556,Real,Family,2.81194735182
2558,Real,Order,2.99260210243
2560,Real,Order,2.11031742073
2562,Real,Species,1.88968507704
2563,Real,Order,3.4830149847
2564,Real,Family,1.94189792221
2566,Real,Family,2.95243294286
2567,Real,Order,2.72241323205
2570,Real,Order,3.21829176124
2571,Real,Family,2.57217028706
2572,Real,Order,3.4680762655
2574,Real,Genus,3.39157143688
2575,Real,Family,2.23496572864
2576,Real,Class,3.59032809781
2581,Real,Phylum,2.31820881634
2583,Real,Class,2.60829263509
2584,Real,Species,1.67668481283
2587,Real,Class,2.07965558819
2590,Real,Family,2.99579756114
2606,Real,Order,2.73833670461
2614,Real,Genus,2.33987123672
2615,Real,Family,3.50892336384
2617,Real,Phylum,2.701031753
2623,Real,Family,2.78112189727
2624,Real,Family,3.52683731361
2626,Real,Class,3.01439572275
2629,Real,Order,2.50418139446
2630,Real,Order,1.79970221321
2635,Real,Order,3.40092573733
2638,Real,Phylum,2.9912883263
2641,Real,Order,1.65422731101
2644,Real,Family,1.43022249746
2645,Real,Family,2.61144961937
2647,Real,Order,2.56361585801
2650,Real,Family,2.18084149302
2652,Real,Genus,2.65654487315
2653,Real,Genus,2.89178022834
2654,Real,Family,3.31682675377
2659,Real,Class,3.51165056871
2661,Real,Order,1.62164576098
2664,Real,Order,3.44598548064
2665,Real,Class,3.04383988509
2667,Real,Family,3.36249082483
2676,Real,Order,3.27800041133
2677,Real,Family,3.23486835914
2685,Real,Genus,2.70308353183
2686,Real,Genus,2.88672305204
2687,Real,Phylum,2.46475385056
2689,Real,Genus,2.76225575694
2690,Real,Family,2.22981335502
2693,Real,Order,1.9031187176
2695,Real,Family,2.558282033
2699,Real,Class,2.52846723356
2701,Real,Class,3.0920195092
2702,Real,Family,2.7814420205
2705,Real,Genus,2.44417240725
2710,Real,Class,2.51555056434
2712,Real,Genus,3.16222856457
2715,Real,Order,2.12746517555
2724,Real,Genus,3.36729257573
2727,Real,Family,2.85923305849
2730,Real,Class,0.939022185504
2731,Real,Order,3.49928051842
2733,Real,Order,2.65063399077
2736,Real,Phylum,2.68094457495
2739,Real,Class,1.87202872643
2740,Real,Order,3.65837803005
2741,Real,Class,2.29169054058
2742,Real,Genus,1.88968507704
2743,Real,Family,3.1131454194
2744,Real,Genus,2.32985480562
2746,Real,Order,3.04455935787
2749,Real,Genus,2.94490529922
2756,Real,Genus,3.3281906353
2760,Real,Order,2.51933353639
2766,Real,Phylum,2.21510891863
2768,Real,Phylum,3.04385706446
2769,Real,Order,3.0422395178
2770,Real,Order,2.38580540345
2774,Real,Order,3.14248825861
2776,Real,Genus,3.01003562746
2779,Real,Family,3.19931804302
2781,Real,Class,1.56593776318
2783,Real,Class,2.76680710245
2785,Real,Genus,2.54889943209
2786,Real,Phylum,2.91132751524
2792,Real,Order,2.558282033
2795,Real,Phylum,3.33781120488
2798,Real,Order,3.20520988563
2806,Real,Order,3.02288197755
2813,Real,Family,3.48096661066
2815,Real,Class,3.51092676459
2817,Real,Phylum,2.3003765243
2821,Real,Class,2.65051839388
2823,Real,Class,2.25963933369
2825,Real,Order,2.20487136705
2827,Real,Order,1.07660293858
2828,Real,Order,2.77387827867
2836,Real,Family,2.77387827867
2837,Real,Class,1.77558378991
2839,Real,Family,2.71480956908
2842,Real,Order,1.25558811975
2846,Real,Order,2.13128646629
2848,Real,Genus,0.350452683432
2849,Real,Genus,2.44178499513
2850,Real,Order,3.35208098654
2853,Real,Genus,2.9434457381
2854,Real,Genus,3.40377226422
2855,Real,Order,2.16631023919
2857,Real,Order,2.88125845119
2858,Real,Class,2.05158734053
2860,Real,Genus,2.83864235642
2861,Real,Class,2.33913962108
2862,Real,Genus,3.29097634685
2873,Real,Order,1.97210014176
2874,Real,Family,2.48785142504
2876,Real,Family,2.26302240902
2878,Real,Class,3.01932813481
2879,Real,Genus,2.15086176508
2885,Real,Family,3.1429268909
2888,Real,Class,2.94343350719
2891,Real,Class,3.30982958965
2892,Real,Family,3.31784162323
2893,Real,Order,3.11495603511
2895,Real,Genus,2.08816155699
2896,Real,Order,3.06357165858
2899,Real,Phylum,2.5222059377
2901,Real,Phylum,2.92877295296
2902,Real,Phylum,1.95277177534
2904,Permuted,Class,3.32342087824
2907,Permuted,Family,3.62741991795
2909,Permuted,Order,3.50289577983
2910,Permuted,Genus,3.59529863332
2916,Permuted,Family,3.41098344278
2917,Permuted,Class,3.60354153655
2918,Permuted,Order,3.30658783708
2919,Permuted,Order,3.63755974967
2923,Permuted,Genus,3.63303994227
2927,Permuted,Genus,3.57092439833
2929,Permuted,Class,3.58360791484
2930,Permuted,Genus,3.45805513999
2931,Permuted,Order,3.52657616146
2933,Permuted,Phylum,3.470370501
2937,Permuted,Genus,3.61316345476
2939,Permuted,Family,3.38204642708
2941,Permuted,Family,3.27631801259
2942,Permuted,Order,3.48524009983
2944,Permuted,Family,3.08149641527
2946,Permuted,Family,3.15399533553
2947,Permuted,Family,3.69019502796
2948,Permuted,Family,3.62216389835
2950,Permuted,Order,3.66582966386
2951,Permuted,Phylum,3.52079075032
2955,Permuted,Order,3.62943636089
2959,Permuted,Genus,3.38728313842
2960,Permuted,Genus,3.52464391987
2963,Permuted,Order,3.68312310622
2965,Permuted,Genus,3.17653472127
2966,Permuted,Genus,3.20017904952
2971,Permuted,Genus,3.40364071033
2979,Permuted,Class,3.55886728879
2980,Permuted,Order,3.60053805705
2981,Permuted,Family,3.51927038731
2982,Permuted,Genus,3.37936316958
2985,Permuted,Family,2.78955116007
2986,Permuted,Genus,3.63229904706
2987,Permuted,Order,3.59667205129
2989,Permuted,Order,3.52152998874
2991,Permuted,Order,3.43742866164
2992,Permuted,Genus,3.26360688809
2996,Permuted,Genus,3.33893104742
2999,Permuted,Family,3.6380674558
3000,Permuted,Family,3.54757514751
3002,Permuted,Family,3.61723184092
3004,Permuted,Class,3.58639220149
3013,Permuted,Family,3.47292458828
3014,Permuted,Order,3.48799379634
3017,Permuted,Genus,3.57683523442
3018,Permuted,Genus,3.42241023468
3021,Permuted,Family,3.66824193262
3022,Permuted,Genus,3.09357253058
3025,Permuted,Genus,3.62139584419
3027,Permuted,Order,3.62762618831
3028,Permuted,Species,3.15403869541
3029,Permuted,Genus,3.29727545245
3032,Permuted,Phylum,3.62325947092
3033,Permuted,Order,3.43449720688
3034,Permuted,Order,3.4604009337
3036,Permuted,Order,3.63643022697
3038,Permuted,Order,3.66608345343
3041,Permuted,Family,3.61064718062
3043,Permuted,Phylum,3.61913532597
3045,Permuted,Family,3.62238473463
3056,Permuted,Family,3.42619996647
3062,Permuted,Family,3.61692406765
3064,Permuted,Order,3.46421120672
3073,Permuted,Order,3.61047306772
3075,Permuted,Order,3.63602580344
3076,Permuted,Family,3.1470797603
3077,Permuted,Order,3.46854551163
3084,Permuted,Order,3.50031218952
3085,Permuted,Phylum,3.26971967673
3086,Permuted,Family,3.57729635698
3088,Permuted,Phylum,3.5996279632
3091,Permuted,Family,3.65588576375
3093,Permuted,Class,2.97116825077
3101,Permuted,Family,3.58882626315
3102,Permuted,Order,3.45948949305
3105,Permuted,Genus,3.23591526227
3110,Permuted,Class,3.55045134882
3114,Permuted,Family,2.95558226267
3118,Permuted,Order,3.49104923894
3119,Permuted,Order,3.06508641185
3121,Permuted,Class,3.31089760344
3122,Permuted,Species,3.53559525784
3125,Permuted,Order,3.59502816602
3127,Permuted,Family,3.67567038944
3130,Permuted,Genus,3.51071734863
3136,Permuted,Order,3.54663377847
3140,Permuted,Family,3.22988329685
3141,Permuted,Order,3.65588576375
3142,Permuted,Genus,3.57020097427
3149,Permuted,Genus,3.67069660716
3152,Permuted,Genus,3.00956430941
3153,Permuted,Phylum,3.5911066163
3162,Permuted,Family,3.52085259024
3165,Permuted,Family,3.56771946028
3171,Permuted,Genus,3.36822831608
3172,Permuted,Family,3.47016924224
3173,Permuted,Family,3.56651224942
3178,Permuted,Family,3.38608480066
3179,Permuted,Genus,3.60156788766
3180,Permuted,Genus,3.05105072255
3182,Permuted,Family,2.92213480064
3184,Permuted,Family,3.52631729357
3185,Permuted,Order,3.61061689986
3187,Permuted,Family,3.56702279607
3189,Permuted,Class,3.59134539408
3190,Permuted,Class,3.63755974967
3193,Permuted,Order,3.66575360721
3194,Permuted,Genus,3.34639343472
3195,Permuted,Genus,3.06396410584
3196,Permuted,Class,3.61914726908
3199,Permuted,Family,3.55314140392
3202,Permuted,Family,3.39985511735
3203,Permuted,Family,3.38778247762
3204,Permuted,Family,3.60135390815
3207,Permuted,Order,3.62977611905
3210,Permuted,Class,3.5278681569
3211,Permuted,Genus,3.5840933977
3214,Permuted,Genus,3.50871607202
3217,Permuted,Family,3.7080877018
3218,Permuted,Family,3.23037861183
3222,Permuted,Family,3.518505774
3224,Permuted,Genus,3.28320390399
3225,Permuted,Family,3.55677628275
3229,Permuted,Phylum,3.2340062939
3232,Permuted,Family,3.60519406567
3233,Permuted,Order,3.40867259122
3239,Permuted,Family,3.43941710285
3241,Permuted,Phylum,3.13033118889
3245,Permuted,Family,3.57092137316
3247,Permuted,Family,3.56756274754
3250,Permuted,Order,3.54320235148
3251,Permuted,Genus,3.41719005893
3252,Permuted,Order,3.54877226825
3253,Permuted,Phylum,3.36423603727
3254,Permuted,Genus,3.3145853987
3259,Permuted,Order,3.62379476024
3266,Permuted,Order,3.50288025781
3268,Permuted,Class,3.13366439514
3272,Permuted,Class,3.5690475644
3273,Permuted,Order,3.56181633267
3277,Permuted,Genus,3.34516180924
3281,Permuted,Family,3.68185979739
3282,Permuted,Genus,3.29683252819
3284,Permuted,Family,3.44494257251
3286,Permuted,Order,3.44806694858
3287,Permuted,Order,3.60630503059
3288,Permuted,Order,3.33430287318
3289,Permuted,Family,3.52185525647
3292,Permuted,Class,3.61372110112
3295,Permuted,Genus,3.40594834977
3296,Permuted,Family,3.37771002354
3297,Permuted,Order,3.36807418658
3300,Permuted,Genus,3.22820505529
3303,Permuted,Order,3.61337100578
3305,Permuted,Order,3.54757514751
3310,Permuted,Family,3.33025640697
3311,Permuted,Class,3.51319108754
3312,Permuted,Genus,3.52354256139
3314,Permuted,Genus,3.19945562595
3318,Permuted,Order,3.58506697035
3321,Permuted,Class,2.96120772455
3325,Permuted,Class,3.46891134181
3328,Permuted,Order,3.34531372044
3335,Permuted,Family,3.65324447286
3336,Permuted,Family,3.59114836894
3337,Permuted,Species,3.51107387379
3338,Permuted,Class,3.6040364859
3342,Permuted,Genus,3.51296011964
3343,Permuted,Class,3.63964878458
3344,Permuted,Genus,3.43126733388
3345,Permuted,Order,3.60285930829
3347,Permuted,Species,3.53018748405
3348,Permuted,Family,3.46294573797
3353,Permuted,Order,3.42865528003
3356,Permuted,Order,3.67611381383
3357,Permuted,Order,3.63404281624
3359,Permuted,Order,3.50940340961
3360,Permuted,Order,3.5388423257
3361,Permuted,Order,3.1118748167
3363,Permuted,Order,3.65283854578
3365,Permuted,Genus,3.21805426947
3366,Permuted,Genus,3.64245718116
3371,Permuted,Family,3.42063098361
3375,Permuted,Genus,3.15095851073
3378,Permuted,Genus,3.55858361929
3381,Permuted,Family,3.58694388026
3385,Permuted,Species,3.39643900347
3386,Permuted,Genus,3.6154628197
3388,Permuted,Family,3.73513677773
3395,Permuted,Genus,3.5473223418
3396,Permuted,Order,3.65987338629
3397,Permuted,Genus,3.23455578116
3401,Permuted,Class,3.17391185485
3404,Permuted,Phylum,3.45062100883
3412,Permuted,Genus,3.36604898445
3414,Permuted,Class,3.61402991356
3415,Permuted,Genus,3.36408706779
3416,Permuted,Class,3.52079075032
3420,Permuted,Family,3.70422173989
3427,Permuted,Genus,3.57559386539
3431,Permuted,Class,3.60062331018
3432,Permuted,Family,3.23073085836
3433,Permuted,Genus,3.20891429182
3437,Permuted,Class,3.61337100578
3443,Permuted,Order,3.25938597426
3446,Permuted,Genus,3.56651224942
3447,Permuted,Genus,3.61821078751
3448,Permuted,Genus,3.19603250008
3449,Permuted,Class,3.62234674764
3451,Permuted,Genus,3.49307331431
3453,Permuted,Family,3.27528452883
3455,Permuted,Family,3.46061718219
3458,Permuted,Family,3.52097938615
3462,Permuted,Family,3.37977035223
3463,Permuted,Family,3.17572222335
3464,Permuted,Genus,3.54738034702
3468,Permuted,Family,2.92633854127
3473,Permuted,Genus,3.48359253354
3475,Permuted,Order,3.63964878458
3478,Permuted,Genus,3.23246386919
3480,Permuted,Family,3.59996477834
3481,Permuted,Order,3.58288676271
3482,Permuted,Family,2.62490168493
3483,Permuted,Order,3.29719348497
3484,Permuted,Family,3.33448041055
3486,Permuted,Class,3.5730567354
3487,Permuted,Class,3.6110121549
3497,Permuted,Order,3.3311110436
3498,Permuted,Phylum,3.463154833
3499,Permuted,Order,3.59447416899
3505,Permuted,Order,3.63991648681
3508,Permuted,Family,3.30829551324
3509,Permuted,Order,3.57384982689
3511,Permuted,Phylum,3.63157406589
3512,Permuted,Genus,3.62173987993
3519,Permuted,Family,3.6175001981
3523,Permuted,Family,3.33892399092
3525,Permuted,Order,3.5404020435
3526,Permuted,Phylum,3.53666451081
3527,Permuted,Family,3.63404281624
3531,Permuted,Family,3.40423591352
3532,Permuted,Order,3.66077792691
3533,Permuted,Genus,3.58282686088
3543,Permuted,Family,3.40138320566
3544,Permuted,Class,3.463154833
3546,Permuted,Genus,3.55656417455
3548,Permuted,Class,3.60990952228
3549,Permuted,Genus,3.51247025556
3550,Permuted,Genus,3.1959450721
3551,Permuted,Order,3.65348032297
3555,Permuted,Order,3.42456036942
3559,Permuted,Order,3.63271999902
3562,Permuted,Genus,3.48930762807
3564,Permuted,Genus,3.50413372223
3567,Permuted,Family,3.10761244882
3569,Permuted,Genus,3.03069884436
3575,Permuted,Order,3.15130667995
3579,Permuted,Genus,3.48420735281
3580,Permuted,Class,3.62246953124
3581,Permuted,Order,3.56205589732
3583,Permuted,Genus,3.60143763052
3584,Permuted,Order,3.12453926896
3586,Permuted,Family,3.49430658041
3589,Permuted,Order,3.15641867088
3594,Permuted,Class,3.69550775699
3598,Permuted,Genus,3.31346821331
3601,Permuted,Family,3.14977365118
3605,Permuted,Family,3.48625834667
3608,Permuted,Order,3.60634617118
3609,Permuted,Order,3.64556678361
3610,Permuted,Order,3.45017202685
3616,Permuted,Genus,3.44241697752
3617,Permuted,Family,3.52588839545
3619,Permuted,Family,3.23741836514
3620,Permuted,Genus,3.71769098529
3621,Permuted,Genus,3.37663043147
3628,Permuted,Order,3.02287711973
3630,Permuted,Genus,3.09562556155
3633,Permuted,Genus,3.3331274977
3636,Permuted,Genus,3.69353171847
3643,Permuted,Genus,3.45632282018
3644,Permuted,Genus,3.15185779802
3656,Permuted,Order,3.21683341012
3657,Permuted,Order,3.41036208482
3658,Permuted,Genus,3.42408351639
3661,Permuted,Genus,3.35359468569
3669,Permuted,Family,3.60085160926
3673,Permuted,Class,3.53404472832
3681,Permuted,Class,3.57406713839
3687,Permuted,Family,3.60634617118
3692,Permuted,Family,3.66614784273
3693,Permuted,Class,3.55946231564
3695,Permuted,Family,3.57491922428
3696,Permuted,Genus,3.04869359144
3698,Permuted,Family,3.62845846101
3699,Permuted,Genus,3.74781254092
3700,Permuted,Family,3.56205589732
3703,Permuted,Order,3.61012110359
3708,Permuted,Genus,3.36081436283
3709,Permuted,Family,3.23567466114
3712,Permuted,Family,3.65700810161
3713,Permuted,Order,3.25305052449
3714,Permuted,Class,3.57195083714
3715,Permuted,Family,3.28247995522
3716,Permuted,Class,3.20959958767
3718,Permuted,Order,3.50527774563
3719,Permuted,Class,3.51959612612
3720,Permuted,Class,3.55431215922
3728,Permuted,Class,3.48595763923
3729,Permuted,Order,3.66346037996
3737,Permuted,Family,3.23916349604
3740,Permuted,Order,3.61132282059
3742,Permuted,Genus,3.32049017825
3745,Permuted,Family,3.5318550242
3749,Permuted,Genus,3.22643553012
3750,Permuted,Order,3.53802977102
3755,Permuted,Order,3.4414153849
3756,Permuted,Family,3.57813313692
3757,Permuted,Order,3.48691174331
3759,Permuted,Genus,3.46634485981
3760,Permuted,Class,3.5895875712
3763,Permuted,Class,3.15534992973
3765,Permuted,Class,3.57846645016
3766,Permuted,Genus,3.47514297594
3768,Permuted,Class,3.36951686138
3770,Permuted,Class,3.60972897307
3772,Permuted,Family,3.16450190602
3776,Permuted,Phylum,3.6573198494
3778,Permuted,Order,3.33114248967
3786,Permuted,Order,3.61100657817
3789,Permuted,Family,3.45085025218
3791,Permuted,Order,3.6078917788
3792,Permuted,Genus,3.26663052887
3793,Permuted,Class,3.64604526597
3795,Permuted,Genus,3.11138041525
3800,Permuted,Genus,3.696885579
3801,Permuted,Class,3.64471740868
3803,Permuted,Genus,3.32624691234
3804,Permuted,Class,3.52049458416
3805,Permuted,Family,3.67469872529
3806,Permuted,Order,3.35423184462
3808,Permuted,Order,3.62890141992
3811,Permuted,Order,3.24825106737
3812,Permuted,Family,3.62561245691
3816,Permuted,Family,3.52977312197
3817,Permuted,Family,3.6039634269
3821,Permuted,Order,3.29030630769
3823,Permuted,Family,3.35633585841
3826,Permuted,Family,3.24970302563
3835,Permuted,Family,3.54376231907
3843,Permuted,Order,3.54141690886
3845,Permuted,Phylum,3.59229749718
3846,Permuted,Order,3.6582707721
3848,Permuted,Phylum,3.49828829739
3849,Permuted,Order,3.54483424714
3850,Permuted,Class,3.55301024969
3851,Permuted,Family,3.04640258099
3853,Permuted,Family,3.58417259766
3856,Permuted,Order,2.97874069797
3858,Permuted,Order,3.55757355156
3865,Permuted,Family,3.40405150028
3868,Permuted,Class,3.6527328245
3873,Permuted,Order,3.45182672636
3875,Permuted,Genus,3.62417693711
3884,Permuted,Genus,3.33090184928
3885,Permuted,Order,3.31504104942
3888,Permuted,Genus,3.15261045286
3889,Permuted,Order,3.41603742577
3890,Permuted,Phylum,3.47648594712
3892,Permuted,Family,3.27752656184
3893,Permuted,Order,3.10894948501
3896,Permuted,Phylum,3.63240286085
3901,Permuted,Order,3.60280723116
3905,Permuted,Family,3.59675599776
3906,Permuted,Family,3.40103347294
3907,Permuted,Genus,3.53257450924
3910,Permuted,Family,3.63954825892
3913,Permuted,Family,3.27840503687
3914,Permuted,Order,3.54419797946
3916,Permuted,Class,3.56540479179
3918,Permuted,Genus,3.71611134156
3919,Permuted,Genus,3.29962442536
3922,Permuted,Phylum,3.62886651929
3925,Permuted,Class,3.61269317276
3927,Permuted,Family,3.50035848406
3929,Permuted,Class,3.20644061572
3930,Permuted,Phylum,3.61637476651
3932,Permuted,Genus,3.57980609481
3933,Permuted,Order,3.52174738342
3935,Permuted,Genus,3.45998962978
3938,Permuted,Order,3.57623654798
3939,Permuted,Class,3.21429267309
3942,Permuted,Family,3.56829935305
3947,Permuted,Order,3.40757054434
3950,Permuted,Class,3.55641410935
3951,Permuted,Order,3.561314231
3954,Permuted,Genus,3.31052988134
3956,Permuted,Phylum,3.45557018441
3961,Permuted,Order,3.08977597733
3976,Permuted,Phylum,3.68332222193
3977,Permuted,Family,3.54640731329
3978,Permuted,Class,3.106370035
3988,Permuted,Order,3.60157056342
3989,Permuted,Genus,3.49702550482
3990,Permuted,Phylum,3.65572652384
3991,Permuted,Class,3.36706352213
3993,Permuted,Class,3.60094921888
4000,Permuted,Family,3.57177174955
4004,Permuted,Family,3.40100285539
4008,Permuted,Order,3.27811143414
4010,Permuted,Family,3.54421569026
4024,Permuted,Genus,3.3099634955
4028,Permuted,Order,3.39104415099
4036,Permuted,Order,3.65145759309
4038,Permuted,Class,3.51562447421
4040,Permuted,Order,3.55765418893
4042,Permuted,Genus,3.55297840211
4044,Permuted,Order,3.59801143545
4048,Permuted,Genus,3.06417617356
4050,Permuted,Class,3.60656170625
4052,Permuted,Class,3.50444973489
4053,Permuted,Order,3.65231448966
4054,Permuted,Genus,3.785226004
4057,Permuted,Family,3.5983978235
4060,Permuted,Class,3.50031184179
4063,Permuted,Order,3.49385460656
4065,Permuted,Family,3.61268899707
4066,Permuted,Order,3.58980475901
4067,Permuted,Genus,3.47829962431
4069,Permuted,Genus,3.56211379581
4073,Permuted,Order,3.55682271161
4074,Permuted,Class,3.59946208237
4076,Permuted,Class,3.59229749718
4077,Permuted,Order,3.40338022202
4078,Permuted,Order,3.11225645031
4084,Permuted,Genus,3.49718835714
4085,Permuted,Order,3.15074141215
4088,Permuted,Order,3.68727826309
4089,Permuted,Class,3.58377714659
4097,Permuted,Family,3.38886553073
4099,Permuted,Family,3.56299107684
4103,Permuted,Class,3.6809476509
4105,Permuted,Genus,3.22730668974
4112,Permuted,Class,3.22170091644
4114,Permuted,Class,3.3200005451
4118,Permuted,Genus,2.86716290395
4120,Permuted,Order,3.6022348217
4128,Permuted,Genus,3.62746259427
4129,Permuted,Phylum,3.63503789568
4130,Permuted,Genus,3.15447010938
4131,Permuted,Class,3.62244839179
4137,Permuted,Class,3.62593854776
4139,Permuted,Order,3.66926753895
4143,Permuted,Genus,3.43167664347
4148,Permuted,Class,3.63404281624
4150,Permuted,Class,3.57298690356
4151,Permuted,Phylum,3.46638814959
4152,Permuted,Order,3.52609142338
4159,Permuted,Phylum,3.59681318071
4160,Permuted,Family,3.51248817567
4164,Permuted,Genus,3.70610413309
4168,Permuted,Order,3.51924245924
4179,Permuted,Class,3.65873377779
4183,Permuted,Order,3.63160053877
4187,Permuted,Family,3.48558759951
4189,Permuted,Family,3.53428144065
4191,Permuted,Genus,3.50727023274
4192,Permuted,Class,3.6507158142
4196,Permuted,Genus,3.49534841716
4199,Permuted,Genus,3.39985218371
4201,Permuted,Family,3.5737790616
4204,Permuted,Family,3.68159076529
4205,Permuted,Family,3.49072439094
4210,Permuted,Genus,3.271480548
4216,Permuted,Order,3.10437009978
4219,Permuted,Genus,3.02213010529
4220,Permuted,Genus,3.53187903892
4221,Permuted,Order,3.5545235515
4223,Permuted,Order,3.61831012507
4224,Permuted,Class,3.47956202931
4226,Permuted,Phylum,3.63161597254
4228,Permuted,Family,3.63986782983
4230,Permuted,Family,2.8066475941
4231,Permuted,Order,3.60272013042
4237,Permuted,Family,3.45012556876
4238,Permuted,Genus,3.46294573797
4239,Permuted,Family,3.15076650109
4241,Permuted,Family,3.63957281934
4243,Permuted,Order,3.33436329145
4244,Permuted,Family,3.56749533776
4249,Permuted,Order,3.65158568715
4258,Permuted,Order,3.59229749718
4259,Permuted,Phylum,3.47763789921
4263,Permuted,Family,3.67997136537
4265,Permuted,Order,3.49430658041
4268,Permuted,Family,3.36408706779
4273,Permuted,Class,3.5996279632
4277,Permuted,Genus,3.48198166778
4282,Permuted,Order,3.46154885503
4286,Permuted,Family,3.2260265214
4287,Permuted,Order,3.67971016397
4290,Permuted,Class,3.01650964281
4294,Permuted,Family,3.63350383546
4296,Permuted,Order,3.6281275642
4298,Permuted,Genus,3.4604009337
4303,Permuted,Family,3.61337100578
4305,Permuted,Family,3.48238907249
4306,Permuted,Phylum,3.63189912977
4308,Permuted,Order,3.2022674997
4312,Permuted,Order,3.19655657242
4319,Permuted,Class,3.57384982689
4321,Permuted,Genus,3.67173761975
4322,Permuted,Genus,3.28398637774
4324,Permuted,Class,3.40338022202
4326,Permuted,Family,3.59058203895
4331,Permuted,Family,3.59667205129
4333,Permuted,Phylum,3.50154813805
4341,Permuted,Order,3.64337208908
4346,Permuted,Class,3.10894948501
4350,Permuted,Family,3.66807521964
4352,Permuted,Family,3.57710696646
4353,Permuted,Family,3.58868165739
4355,Permuted,Order,3.2045115301
4357,Permuted,Species,3.33820285373
4358,Permuted,Order,3.57075697568
4359,Permuted,Phylum,3.43356372412
4360,Permuted,Phylum,3.13500386255
4363,Permuted,Order,3.37152009467
4367,Permuted,Order,3.55174157956
4368,Permuted,Class,3.62950279522
4369,Permuted,Genus,3.38736713342
4378,Permuted,Genus,3.59381590351
4379,Permuted,Genus,3.22294425379
4381,Permuted,Order,3.56415369284
4383,Permuted,Family,3.46462275154
4388,Permuted,Phylum,3.61350593153
4396,Permuted,Class,3.53581358575
4402,Permuted,Genus,3.53675630327
4406,Permuted,Phylum,3.30085004482
4407,Permuted,Family,3.44737011548
4409,Permuted,Family,3.42554048834
4412,Permuted,Genus,3.68240596313
4413,Permuted,Genus,3.42271445236
4416,Permuted,Genus,3.56958246281
4418,Permuted,Order,3.45742449747
4420,Permuted,Family,3.61772701797
4421,Permuted,Class,3.55375558713
4426,Permuted,Genus,3.38149082135
4428,Permuted,Order,3.57128337433
4431,Permuted,Order,3.48711127137
4434,Permuted,Class,3.46231723827
4435,Permuted,Phylum,3.62436307134
4438,Permuted,Order,3.40434868306
4439,Permuted,Family,3.57981926776
4441,Permuted,Genus,3.56544472658
4445,Permuted,Family,3.68769836212
4448,Permuted,Family,3.28977628021
4449,Permuted,Order,3.57206119335
4453,Permuted,Genus,3.26640055542
4455,Permuted,Family,3.65825110879
4459,Permuted,Phylum,3.60182125916
4460,Permuted,Order,3.57383957135
4461,Permuted,Class,3.64399371968
4463,Permuted,Family,3.27405187925
4465,Permuted,Order,3.07374612661
4468,Permuted,Order,3.67732740896
4474,Permuted,Family,3.62302008056
4480,Permuted,Family,3.58291002873
4481,Permuted,Phylum,3.59312105051
4482,Permuted,Family,3.19655657242
4484,Permuted,Family,3.62640080322
4489,Permuted,Family,3.50034456706
4493,Permuted,Order,3.65160738382
4494,Permuted,Family,3.61520479601
4495,Permuted,Family,3.23057056441
4498,Permuted,Class,3.42907305535
4499,Permuted,Class,3.24678116051
4502,Permuted,Order,3.4381910409
4503,Permuted,Class,3.60431448036
4505,Permuted,Genus,3.69986180269
4509,Permuted,Family,3.58824925167
4511,Permuted,Order,3.60062331018
4514,Permuted,Family,3.63157248187
4516,Permuted,Class,3.63411961361
4522,Permuted,Order,3.46673472402
4524,Permuted,Family,3.31504104942
4525,Permuted,Class,3.51460769336
4526,Permuted,Class,3.50400712913
4529,Permuted,Family,3.54172839137
4533,Permuted,Phylum,3.56571941798
4534,Permuted,Phylum,3.62567751934
4535,Permuted,Family,3.51453662047
4538,Permuted,Family,3.40134533035
4539,Permuted,Family,3.58516201283
4544,Permuted,Genus,3.40049280453
4547,Permuted,Family,3.29952490616
4548,Permuted,Order,3.58516201283
4549,Permuted,Family,3.40338022202
4552,Permuted,Phylum,3.65088959523
4553,Permuted,Genus,3.61840859264
4555,Permuted,Family,3.49326060438
4557,Permuted,Genus,3.28855510183
4558,Permuted,Genus,3.53312177953
4560,Permuted,Family,3.34770038464
4561,Permuted,Family,3.36229464408
4564,Permuted,Class,3.04013089315
4565,Permuted,Family,3.67054743434
4566,Permuted,Order,3.60527973819
4567,Permuted,Class,3.6339518036
4573,Permuted,Order,3.65569613638
4574,Permuted,Class,3.61637476651
4576,Permuted,Genus,3.47448265036
4577,Permuted,Genus,3.67241364762
4584,Permuted,Family,3.66926753895
4585,Permuted,Species,3.26877251126
4588,Permuted,Order,3.44464851143
4589,Permuted,Class,3.41969769127
4597,Permuted,Family,3.15641867088
4599,Permuted,Phylum,3.61689465113
4600,Permuted,Phylum,3.32286610449
4601,Permuted,Family,3.66370915206
4602,Permuted,Order,3.71092681164
4603,Permuted,Class,3.51399811657
4604,Permuted,Genus,3.52096547304
4616,Permuted,Class,3.34221303963
4618,Permuted,Order,3.5485648577
4619,Permuted,Family,3.05306102678
4620,Permuted,Species,3.30754529676
4622,Permuted,Order,3.57037537262
4625,Permuted,Order,3.59706268084
4628,Permuted,Family,3.05276062185
4631,Permuted,Genus,3.52466860504
4634,Permuted,Order,3.56831153173
4636,Permuted,Family,3.56136652452
4637,Permuted,Phylum,3.62160940983
4639,Permuted,Phylum,3.59010970296
4640,Permuted,Class,3.50072640025
4643,Permuted,Family,3.54836954533
4645,Permuted,Family,3.58980475901
4646,Permuted,Family,2.93566820554
4653,Permuted,Genus,3.42341898096
4655,Permuted,Family,3.36424160116
4656,Permuted,Genus,3.23902465359
4657,Permuted,Genus,3.23078984425
4663,Permuted,Order,3.65814828084
4664,Permuted,Class,3.61532636059
4667,Permuted,Genus,3.31652594709
4668,Permuted,Phylum,3.60996945525
4669,Permuted,Species,2.90513800618
4670,Permuted,Class,3.63918316229
4671,Permuted,Class,3.42386327788
4672,Permuted,Order,3.60950397342
4673,Permuted,Family,3.60477775463
4674,Permuted,Family,3.59302487196
4677,Permuted,Family,3.67023901305
4678,Permuted,Class,3.60950397342
4684,Permuted,Class,3.74861925406
4687,Permuted,Family,3.4648639444
4688,Permuted,Class,3.59224228
4692,Permuted,Genus,3.45706056027
4694,Permuted,Class,3.60500643555
4697,Permuted,Class,3.64202696578
4698,Permuted,Family,3.51224137815
4701,Permuted,Class,3.07000262119
4703,Permuted,Species,3.5010206473
4707,Permuted,Family,3.39414915896
4708,Permuted,Order,3.47254637365
4714,Permuted,Genus,3.27631801259
4715,Permuted,Order,3.47878417388
4716,Permuted,Genus,3.51862266857
4723,Permuted,Order,3.68368089706
4738,Permuted,Family,3.34014036223
4739,Permuted,Order,3.50843216292
4740,Permuted,Order,3.46628426692
4743,Permuted,Species,3.52385155838
4744,Permuted,Genus,3.48725645908
4745,Permuted,Phylum,3.55145162539
4746,Permuted,Family,3.16798752341
4747,Permuted,Class,3.02287711973
4748,Permuted,Order,3.6110121549
4749,Permuted,Family,3.05426920612
4750,Permuted,Genus,3.23565223179
4754,Permuted,Family,3.51621265613
4758,Permuted,Phylum,3.59866190836
4760,Permuted,Genus,3.60432273276
4762,Permuted,Genus,3.53574431783
4770,Permuted,Genus,3.22927454491
4771,Permuted,Genus,2.83414876537
4772,Permuted,Species,3.49170435783
4773,Permuted,Family,3.58816158754
4775,Permuted,Order,3.51338056359
4778,Permuted,Species,3.59353983034
4780,Permuted,Genus,3.5044275138
4785,Permuted,Order,3.59860474449
4789,Permuted,Class,3.52398150581
4791,Permuted,Order,3.48712461817
4792,Permuted,Genus,3.35373725832
4795,Permuted,Family,3.51434476154
4799,Permuted,Class,3.61153491869
4800,Permuted,Phylum,3.50152233134
4801,Permuted,Class,3.55457984612
4802,Permuted,Family,3.48383952512
4805,Permuted,Order,3.60354153655
4806,Permuted,Class,3.6022348217
4810,Permuted,Family,3.65090363011
4811,Permuted,Genus,3.0317533447
4812,Permuted,Order,3.36696099235
4813,Permuted,Order,3.53979456558
4814,Permuted,Family,3.48651345465
4819,Permuted,Genus,3.14977365118
4820,Permuted,Order,3.45974401816
4823,Permuted,Species,3.54368530427
4830,Permuted,Class,3.62620546902
4832,Permuted,Order,3.42129100842
4838,Permuted,Class,3.47286889547
4840,Permuted,Genus,3.26496158479
4841,Permuted,Species,3.40245146879
4843,Permuted,Species,3.13710194582
4847,Permuted,Family,3.58975628282
4848,Permuted,Order,3.56704727632
4850,Permuted,Family,3.36851342675
4851,Permuted,Family,3.46229550804
4853,Permuted,Order,3.34968211037
4854,Permuted,Genus,3.45986190425
4858,Permuted,Order,3.65262435402
4859,Permuted,Genus,3.35336410335
4860,Permuted,Class,3.47635549092
4862,Permuted,Genus,2.85453179443
4865,Permuted,Order,3.58820221127
4866,Permuted,Order,3.56993282585
4868,Permuted,Species,3.53574431783
4870,Permuted,Species,3.20552220851
4872,Permuted,Order,3.60737200471
4873,Permuted,Family,3.62277061282
4876,Permuted,Order,3.44754667229
4877,Permuted,Phylum,3.67485326787
4878,Permuted,Family,3.40114410762
4882,Permuted,Class,3.46604971808
4884,Permuted,Class,3.42782394015
4887,Permuted,Family,3.10020648249
4888,Permuted,Order,3.44848453501
4889,Permuted,Genus,3.10463549417
4891,Permuted,Genus,3.18599764631
4895,Permuted,Genus,3.2811168759
4899,Permuted,Family,3.53846600831
4901,Permuted,Genus,2.97605594496
4902,Permuted,Class,3.67485326787
4908,Permuted,Family,3.51592498595
4909,Permuted,Genus,2.80307891913
4915,Permuted,Order,3.51500630839
4920,Permuted,Family,3.61981426195
4921,Permuted,Genus,3.29484576845
4924,Permuted,Family,3.60285930829
4925,Permuted,Order,3.60921957496
4926,Permuted,Class,3.54396926763
4928,Permuted,Family,3.47031653238
4931,Permuted,Genus,3.50018257923
4934,Permuted,Genus,3.49938953579
4938,Permuted,Order,3.53840778832
4943,Permuted,Family,3.61741310141
4944,Permuted,Order,3.6031252148
4947,Permuted,Order,3.26997250819
4950,Permuted,Genus,3.53182727497
4952,Permuted,Family,3.32173904281
4960,Permuted,Family,3.42914481295
4968,Permuted,Class,3.17804810104
4969,Permuted,Order,3.6483222424
4976,Permuted,Order,3.46294573797
4978,Permuted,Family,3.60740177995
4979,Permuted,Genus,3.34819163473
4980,Permuted,Genus,3.48698563967
4981,Permuted,Species,3.54424804086
4983,Permuted,Order,3.36745855332
4985,Permuted,Order,3.54376231907
4987,Permuted,Class,3.59944167668
4989,Permuted,Family,3.57192928809
4992,Permuted,Order,3.31486401635
4993,Permuted,Class,3.25305052449
4995,Permuted,Family,3.51807261041
4996,Permuted,Class,3.53685388817
4998,Permuted,Order,3.6233073392
4999,Permuted,Class,3.45831347921
5000,Permuted,Genus,3.51228594863
5001,Permuted,Genus,3.55580903199
5003,Permuted,Genus,3.41054850928
5006,Permuted,Phylum,3.27536619068
5010,Permuted,Order,3.1185999596
5014,Permuted,Order,3.26215219443
5018,Permuted,Family,3.39747346036
5019,Permuted,Order,3.60847924259
5021,Permuted,Family,3.57363805623
5022,Permuted,Order,3.41440922669
5025,Permuted,Order,3.2441136543
5026,Permuted,Family,3.54479321684
5029,Permuted,Genus,3.39565685284
5036,Permuted,Genus,2.96759421754
5038,Permuted,Order,3.39898673725
5039,Permuted,Genus,3.5523405349
5040,Permuted,Genus,3.38743657457
5041,Permuted,Family,3.6281275642
5045,Permuted,Family,3.4604009337
5047,Permuted,Order,3.48568225222
5051,Permuted,Class,2.91671087437
5052,Permuted,Genus,3.65537870464
5055,Permuted,Phylum,3.61650063851
5062,Permuted,Phylum,3.63144964542
5064,Permuted,Family,3.33582151565
5067,Permuted,Genus,3.10941205285
5070,Permuted,Family,3.60354153655
5072,Permuted,Order,3.61458206138
5073,Permuted,Family,3.37364608384
5076,Permuted,Family,3.49088417297
5077,Permuted,Order,3.68032421369
5079,Permuted,Class,3.64183194126
5080,Permuted,Family,3.53354968035
5083,Permuted,Class,3.66888857002
5085,Permuted,Genus,3.28573402215
5089,Permuted,Class,3.6204438532
5090,Permuted,Order,3.52079075032
5092,Permuted,Genus,3.51149517183
5096,Permuted,Family,3.54437815994
5102,Permuted,Class,3.63834589429
5103,Permuted,Order,3.60823147947
5110,Permuted,Order,3.58876927354
5116,Permuted,Order,3.48605883633
5118,Permuted,Family,3.64296371703
5122,Permuted,Class,3.13126207783
5123,Permuted,Order,3.56522509118
5125,Permuted,Genus,3.02466865739
5128,Permuted,Genus,3.44567040897
5136,Permuted,Family,3.52654957574
5137,Permuted,Family,3.5141329622
5139,Permuted,Family,3.63553333948
5140,Permuted,Genus,3.53142639436
5144,Permuted,Family,3.50252538433
5146,Permuted,Class,3.62160693083
5147,Permuted,Family,3.5807051895
5150,Permuted,Class,3.67732740896
5151,Permuted,Class,3.59669242387
5152,Permuted,Class,3.51500630839
5155,Permuted,Order,3.60394401068
5160,Permuted,Class,3.52097938615
5162,Permuted,Genus,3.61772701797
5163,Permuted,Order,3.2862211805
5165,Permuted,Family,3.24746140625
5171,Permuted,Family,3.33913659489
5172,Permuted,Phylum,3.62014654382
5176,Permuted,Order,3.61342301837
5179,Permuted,Order,3.56271421963
5183,Permuted,Class,3.59538170746
5185,Permuted,Order,3.53011296928
5188,Permuted,Order,3.61158384838
5189,Permuted,Family,3.02466865739
5193,Permuted,Species,3.31848879089
5194,Permuted,Phylum,3.40195429965
5199,Permuted,Genus,3.5200004862
5200,Permuted,Order,3.424203539
5202,Permuted,Genus,3.68875567703
5203,Permuted,Class,3.52515169466
5204,Permuted,Order,3.59459193091
5206,Permuted,Family,3.49114917088
5207,Permuted,Family,3.64570252167
5208,Permuted,Genus,3.40818125964
5209,Permuted,Family,3.54769472285
5211,Permuted,Class,3.35607256637
5212,Permuted,Genus,3.43276634272
5213,Permuted,Family,3.6004700843
5219,Permuted,Family,3.16806136328
5223,Permuted,Family,3.20960174723
5227,Permuted,Class,3.63189912977
5233,Permuted,Genus,3.6090347799
5236,Permuted,Order,3.58089437805
5237,Permuted,Genus,3.39408580857
5240,Permuted,Order,3.31821121629
5244,Permuted,Class,3.65712911404
5245,Permuted,Genus,3.43237227401
5246,Permuted,Class,3.36104292767
5247,Permuted,Family,3.524171345
5248,Permuted,Class,3.47244925591
5249,Permuted,Family,3.62825959785
5252,Permuted,Order,3.17804810104
5253,Permuted,Family,3.33948365332
5254,Permuted,Order,3.46023874561
5257,Permuted,Class,3.58906389431
5258,Permuted,Order,3.38850909077
5259,Permuted,Order,3.43981110084
5261,Permuted,Order,3.52097938615
5266,Permuted,Family,3.39697694317
5270,Permuted,Order,3.62368050997
5273,Permuted,Family,3.59482496653
5276,Permuted,Class,3.59561039603
5277,Permuted,Genus,3.26136020853
5280,Permuted,Class,3.61762903851
5281,Permuted,Order,3.40275941775
5282,Permuted,Class,3.42830923812
5283,Permuted,Family,3.6671103424
5284,Permuted,Class,3.61129353508
5289,Permuted,Genus,3.6270255067
5295,Permuted,Family,3.21623557944
5299,Permuted,Genus,3.15259235836
5303,Permuted,Order,3.55397504754
5305,Permuted,Genus,3.59946208237
5307,Permuted,Order,3.42452923966
5309,Permuted,Genus,3.5394430507
5313,Permuted,Family,3.6078917788
5314,Permuted,Genus,3.45018442137
5315,Permuted,Family,3.54419797946
5318,Permuted,Order,2.74930860372
5319,Permuted,Genus,3.45768217839
5320,Permuted,Order,3.45327781174
5326,Permuted,Class,3.62762659368
5332,Permuted,Genus,3.61033406128
5335,Permuted,Family,3.46421120672
5339,Permuted,Phylum,3.61264579167
5350,Permuted,Order,3.65724835393
5351,Permuted,Class,3.64479333143
5355,Permuted,Phylum,3.63751907517
5356,Permuted,Family,3.49050358622
5360,Permuted,Genus,3.30754529676
5361,Permuted,Phylum,3.51500630839
5362,Permuted,Class,3.30217131149
5363,Permuted,Phylum,3.19066440433
5366,Permuted,Order,3.59541759993
5368,Permuted,Order,3.49612854986
5369,Permuted,Class,3.64505101124
5370,Permuted,Genus,3.50917261955
5372,Permuted,Class,3.57020200377
5377,Permuted,Family,3.47176085912
5379,Permuted,Phylum,3.18365715696
5385,Permuted,Family,3.57189393
5386,Permuted,Genus,3.18997609068
5388,Permuted,Genus,3.5565790655
5389,Permuted,Class,3.55552802892
5395,Permuted,Genus,3.33623158023
5407,Permuted,Order,3.5318550242
5415,Permuted,Family,3.20446558104
5416,Permuted,Family,3.60685901612
5417,Permuted,Genus,3.40245459941
5424,Permuted,Genus,3.12737993484
5434,Permuted,Order,3.5938734522
5435,Permuted,Class,3.57239164895
5439,Permuted,Class,3.53865530707
5444,Permuted,Order,3.59946208237
5445,Permuted,Class,3.65896930981
5447,Permuted,Class,3.57075697568
5452,Permuted,Order,3.16798752341
5456,Permuted,Family,3.57538926663
5459,Permuted,Genus,3.63824730034
5467,Permuted,Species,3.44395158573
5468,Permuted,Order,3.58950750652
5479,Permuted,Family,3.27050448036
5480,Permuted,Family,3.23015907854
5481,Permuted,Genus,3.53054336655
5484,Permuted,Order,3.59100098125
5489,Permuted,Phylum,3.61548641201
5491,Permuted,Order,3.61475569259
5492,Permuted,Order,3.61331326042
5494,Permuted,Order,3.463154833
5495,Permuted,Order,3.5860298565
5497,Permuted,Family,3.48724485138
5500,Permuted,Genus,3.56500310567
5501,Permuted,Phylum,3.63215471685
5503,Permuted,Phylum,3.64592487622
5504,Permuted,Class,3.56721817969
5507,Permuted,Order,3.63918316229
5510,Permuted,Genus,3.39400869794
5512,Permuted,Genus,3.41306438622
5514,Permuted,Family,3.60065697281
5515,Permuted,Genus,3.66042106299
5518,Permuted,Order,3.4579100887
5524,Permuted,Family,3.23269034242
5525,Permuted,Genus,3.53315366132
5529,Permuted,Family,3.68949423675
5534,Permuted,Order,3.03962623846
5535,Permuted,Family,3.21345290536
5536,Permuted,Class,3.53276392243
5538,Permuted,Order,3.57729635698
5540,Permuted,Order,3.61705459829
5541,Permuted,Family,3.57065290685
5549,Permuted,Class,3.65263823493
5553,Permuted,Family,3.22067902041
5554,Permuted,Order,3.5609876384
5555,Permuted,Genus,2.94499060845
5558,Permuted,Order,3.62176196922
5559,Permuted,Order,3.49968575821
5560,Permuted,Order,3.49578238553
5564,Permuted,Species,3.49534841716
5566,Permuted,Genus,3.45556870227
5570,Permuted,Genus,3.54421569026
5572,Permuted,Order,3.4154673811
5578,Permuted,Genus,3.52308975882
5581,Permuted,Genus,3.26247371257
5582,Permuted,Class,3.4743538317
5584,Permuted,Class,3.70599789183
5585,Permuted,Genus,3.51103972985
5587,Permuted,Genus,3.63399789555
5589,Permuted,Genus,3.12354923946
5591,Permuted,Genus,3.28422609805
5593,Permuted,Class,3.43844589208
5595,Permuted,Class,3.60072378771
5597,Permuted,Family,3.63822991952
5598,Permuted,Order,3.14485776631
5601,Permuted,Genus,3.20662820637
5602,Permuted,Family,3.45386974316
5603,Permuted,Family,3.27225612285
5605,Permuted,Order,3.57005758247
5606,Permuted,Family,3.50936416801
5608,Permuted,Order,3.33009017408
5612,Permuted,Genus,3.37364608384
5614,Permuted,Family,3.45041071387
5619,Permuted,Family,3.59956048072
5620,Permuted,Family,3.54738034702
5624,Permuted,Genus,3.48059961175
5626,Permuted,Class,3.60847924259
5628,Permuted,Genus,3.60334952333
5633,Permuted,Genus,3.6078917788
5634,Permuted,Class,3.61684238941
5639,Permuted,Order,3.42912438401
5644,Permuted,Family,3.54815425393
5646,Permuted,Family,3.5669796384
5653,Permuted,Class,3.41530482634
5656,Permuted,Class,3.60088013186
5657,Permuted,Family,3.5938734522
5663,Permuted,Genus,3.31968958474
5665,Permuted,Genus,2.66783655348
5666,Permuted,Family,2.89464647941
5667,Permuted,Family,3.56309962717
5670,Permuted,Phylum,3.61480352525
5672,Permuted,Family,3.59946208237
5674,Permuted,Genus,3.63450007001
5676,Permuted,Genus,3.54706299634
5680,Permuted,Order,3.57065290685
5685,Permuted,Genus,3.32996621225
5687,Permuted,Class,3.65772227904
5688,Permuted,Order,3.62581390908
5691,Permuted,Genus,3.10238753805
5696,Permuted,Family,3.44436172105
5697,Permuted,Family,3.59258157129
5698,Permuted,Family,3.6030730147
5699,Permuted,Genus,2.96267548438
5700,Permuted,Family,3.32747082496
5702,Permuted,Family,3.3529894391
5710,Permuted,Phylum,3.48109906857
5713,Permuted,Genus,3.54171828874
5717,Permuted,Genus,3.00387548423
5720,Permuted,Family,3.5345397618
5722,Permuted,Species,3.41017868739
5728,Permuted,Genus,3.38906636026
5730,Permuted,Family,3.6776058175
5731,Permuted,Order,3.44862910468
5732,Permuted,Class,3.6194859677
5733,Permuted,Family,3.67069660716
5737,Permuted,Genus,3.10414676883
5739,Permuted,Order,3.63295964142
5740,Permuted,Family,3.62705476757
5741,Permuted,Family,3.70102655225
5742,Permuted,Class,3.558721762
5743,Permuted,Genus,3.49201278341
5744,Permuted,Family,3.63217981215
5747,Permuted,Genus,3.64002661168
5748,Permuted,Class,3.63180856946
5754,Permuted,Family,3.51846045079
5755,Permuted,Family,3.53316560716
5761,Permuted,Family,3.55196629991
5765,Permuted,Genus,3.51067530703
5769,Permuted,Family,2.96187201092
5770,Permuted,Class,3.62379476024
5776,Permuted,Genus,3.16305393778
5781,Permuted,Genus,3.58980475901
5784,Permuted,Family,3.41803283475
5785,Permuted,Species,3.18542156025
5789,Permuted,Phylum,3.19134996199
5790,Permuted,Species,3.52917571407
5799,Permuted,Genus,3.10559834002
5800,Permuted,Order,3.54062197846
5803,Permuted,Family,3.51802224449
5804,Permuted,Genus,3.73788912363
